,vars,sp
1,Nightly Mean Temperature,ANPA
2,"Water Nearby, Nightly Min Temperature, dd",COTO
3,"Nightly Mean Wind Speed, Moon*Distance to Clutter,  Nightly Min Temperature",EPFU
4,Nightly Min Temperature,EUMA
5,"Nightly Mean Wind Speed* Distance to Clutter, Water Nearby, Nightly Mean Temperature",LABO
6,"Moon* Distance to Clutter, dd, Nightly Mean Temperature, I(YearS^2)",LACI
7,"Nightly Mean RH, Nightly Mean Wind Speed* Distance to Clutter, Water Nearby, Nightly Min Temperature",LANO
8,"Nightly Mean Wind Speed* Distance to Clutter, Water Nearby, Nightly Mean Temperature",MYCA
9,"Nightly Mean Wind Speed* Distance to Clutter, Water Nearby, Nightly Mean Temperature",MYCI
10,"Nightly Mean Wind Speed* Distance to Clutter, Water Nearby, dd, Nightly Min Temperature",MYEV
11,"Nightly Mean Wind Speed* Distance to Clutter, Water Nearby, Nightly Mean Temperature",MYLU
12,"Nightly Mean RH, Moon* Distance to Clutter, Water Nearby",MYSE
13,dd,MYTH
14,"Nightly Mean Wind Speed* Distance to Clutter, Water Nearby, Nightly Mean Temperature",MYVO
15,"Nightly Mean Wind Speed* Distance to Clutter, Water Nearby, dd",MYYU
