"","GRTS Cell ID","Park","2016","2017","2018","2019","2020","2021","2022","2023","2024","2025","Number of Years"
"1",243562,"Kimberley","✓","✓","✓","✓","✓","✓","✓","✓","✓","✓",10
"2",6202,"Goldstream","✓","","✓","✓","✓","✓","✓","✓","✓","✓",9
"3",986,"Bowron","","","✓","✓","✓","✓","✓","✓","✓","✓",8
"4",38442,"Churn Creek","","","✓","✓","✓","✓","✓","✓","✓","✓",8
"5",115322,"Tweedsmuir","","","✓","✓","✓","✓","✓","✓","✓","✓",8
"6",145578,"Premier Lake","","","✓","✓","✓","✓","✓","✓","✓","✓",8
"7",212906,"Horne Lake","","","✓","✓","✓","✓","✓","✓","✓","✓",8
"8",265749,"Kettle/Conkle","","","✓","✓","✓","✓","✓","✓","✓","✓",8
"9",283586,"Lakelse Lake","","","✓","✓","✓","✓","✓","✓","✓","✓",8
"10",317428,"Manning","","","✓","✓","✓","✓","✓","✓","✓","✓",8
"11",16426,"Carp","","","✓","✓","✓","✓","✓","","✓","",6
"12",37274,"Mount Robson","","","✓","✓","✓","✓","✓","","✓","",6
"13",132650,"Junction Sheep","","","","","✓","✓","✓","✓","✓","✓",6
"14",172090,"Mount Seymour","","","✓","✓","✓","✓","✓","✓","","",6
"15",175354,"Liard Hot Springs","","","✓","✓","✓","✓","","","✓","✓",6
"16",230186,"Skagit","","","✓","✓","✓","✓","","✓","✓","",6
"17",17706,"Wells Gray","","","","✓","✓","","","✓","✓","✓",5
"18",26170,"Yakoun","","","","","","","✓","✓","✓","✓",4
"19",206394,"Naikoon","","","","","","","✓","✓","✓","✓",4
